Statut CE,Statut FR,Appellation,Dénomination,Produit,Catégorie générale,Sous Catégorie,Couleur,Sucrosité,Mention,Code INAO,url site
AOP - Appellation d'origine protégée,AOC - Appellation d'origine contrôlée,Muscat du Ventoux,Muscat du Ventoux,Muscat du Ventoux,Fruits légumes et céréales en l'état ou transformés,Raisin de table,,,,,http://www.inao.gouv.fr/produit/10018
AOP - Appellation d'origine protégée,AOC - Appellation d'origine contrôlée,Noix de Grenoble,Noix de Grenoble,Noix de Grenoble,Fruits légumes et céréales en l'état ou transformés,Fruit à coque,,,,,http://www.inao.gouv.fr/produit/10277
IG - Indication géographique,,Genièvre Flandre-Artois,Genièvre Flandre-Artois,Genièvre Flandre-Artois,Autres boissons alcoolisées,Eaux-de-vie de fruits,,,,,http://www.inao.gouv.fr/produit/10442
AOP - Appellation d'origine protégée,AOC - Appellation d'origine contrôlée,Mont d'Or ou Vacherin du Haut-Doubs,Mont d'Or,Mont d'Or ou Vacherin du Haut-Doubs,Fromages,Pâte molle et croûte lavée,,,,,http://www.inao.gouv.fr/produit/10687
IGP - Indication géographique protégée,,Jambon de l'Ardèche,Jambon de l'Ardèche,Jambon de l'Ardèche,Produits à base de viande (cuits salés fumés etc.),Salaison,,,,,http://www.inao.gouv.fr/produit/12009
IGP - Indication géographique protégée,,Kiwi de l'Adour,Kiwi de l'Adour,Kiwi de l'Adour,Fruits légumes et céréales en l'état ou transformés,Fruit exotique,,,,,http://www.inao.gouv.fr/produit/12252
AOP - Appellation d'origine protégée,AOC - Appellation d'origine contrôlée,Huile essentielle de lavande de Haute-Provence ou Essence de lavande de Haute-Provence,Huile essentielle de lavande de Haute-Provence ou Essence de lavande de Haute-Pr,Huile essentielle de lavande de Haute-Provence ou Essence de lavande de Haute-Provence,Huiles essentielles,Huile essentielle,,,,,http://www.inao.gouv.fr/produit/12256
AOP - Appellation d'origine protégée,AOC - Appellation d'origine contrôlée,Huile d'olive de Corse ou Huile d'olive de Corse - Oliu di,Huile d'olive de Corse - Oliu di Corsica,Huile d'olive de Corse - Oliu di Corsica,Huiles et matières grasses (beurre margarine huiles etc.),Huile,,,,,http://www.inao.gouv.fr/produit/12266
IGP - Indication géographique protégée,,Saucisson de l'Ardèche,Saucisson de l'Ardèche,Saucisson de l'Ardèche,Produits à base de viande (cuits salés fumés etc.),Charcuterie,,,,,http://www.inao.gouv.fr/produit/12606
AOP - Appellation d'origine protégée,AOC - Appellation d'origine contrôlée,Foin de Crau,Foin de Crau,Foin de Crau,Foin,Foin,,,,,http://www.inao.gouv.fr/produit/12765
AOP - Appellation d'origine protégée,AOC - Appellation d'origine contrôlée,Pomme du Limousin,Pomme du Limousin,Pomme du Limousin,Fruits légumes et céréales en l'état ou transformés,Fruit à pépins,,,,,http://www.inao.gouv.fr/produit/12767
AOP - Appellation d'origine protégée,AOC - Appellation d'origine contrôlée,Piment d'Espelette ou Piment d'Espelette - Ezpeletako Biperra,Piment d'Espelette ou Piment d'Espelette - Ezpeletako Biperra,Piment d'Espelette ou Piment d'Espelette - Ezpeletako Biperra,Autres produits de l'annexe I du traité (épices etc.),Epices,,,,,http://www.inao.gouv.fr/produit/12820
AOP - Appellation d'origine protégée,AOC - Appellation d'origine contrôlée,Oignon doux des Cévennes,Oignon doux des Cévennes,Oignon doux des Cévennes,Fruits légumes et céréales en l'état ou transformés,Bulbe,,,,,http://www.inao.gouv.fr/produit/12946
IGP - Indication géographique protégée,,Canard à foie gras du Sud-Ouest,Canard à foie gras du Sud-Ouest,Canard à foie gras du Sud-Ouest (Chalosse Gascogne Gers Landes Périgord Quercy,Viandes (et abats) frais,Volaille,,,,,http://www.inao.gouv.fr/produit/12949
IGP - Indication géographique protégée,,Lingot du Nord,Lingot du Nord,Lingot du Nord,Fruits légumes et céréales en l'état ou transformés,Légume sec,,,,,http://www.inao.gouv.fr/produit/12987
IG - Indication géographique,AOC - Appellation d'origine contrôlée,Fine de Bourgogne,Fine de Bourgogne,Fine de Bourgogne,Eaux-de-vie de vin et de marc,Eaux-de-vie de vin,Blanc,,,,http://www.inao.gouv.fr/produit/13044
IG - Indication géographique,AOC - Appellation d'origine contrôlée,Marc d'Alsace,Marc d'Alsace,Marc d'Alsace Gewurztraminer,Eaux-de-vie de vin et de marc,Eaux-de-vie de marc de raisin,Blanc,,,,http://www.inao.gouv.fr/produit/13046
IG - Indication géographique,AOC - Appellation d'origine contrôlée,Marc de Bourgogne,Marc de Bourgogne,Marc de Bourgogne,Eaux-de-vie de vin et de marc,Eaux-de-vie de marc de raisin,Blanc,,,,http://www.inao.gouv.fr/produit/13047
AOP - Appellation d'origine protégée,AOC - Appellation d'origine contrôlée,Domfront,Domfront,Domfront,Autres boissons alcoolisées,Poiré,,,,,http://www.inao.gouv.fr/produit/13062
AOP - Appellation d'origine protégée,AOC - Appellation d'origine contrôlée,Pays d'Auge,Pays d'Auge,Pays d'Auge,Autres boissons alcoolisées,Cidre,,,,,http://www.inao.gouv.fr/produit/13070
AOP - Appellation d'origine protégée,AOC - Appellation d'origine contrôlée,Pays d'Auge,Pays d'Auge Cambremer ou de Cambremer,Pays d'Auge Cambremer ou de Cambremer,Autres boissons alcoolisées,Cidre,,,,,http://www.inao.gouv.fr/produit/13071
IG - Indication géographique,AOC - Appellation d'origine contrôlée,Eau-de-vie de cidre de Bretagne,Eau-de-vie de cidre de Bretagne,Eau-de-vie de cidre de Bretagne,Autres boissons alcoolisées,Eaux-de-vie de cidre et de poiré,Ambré,,,,http://www.inao.gouv.fr/produit/13086
IG - Indication géographique,AOC - Appellation d'origine contrôlée,Kirsch de Fougerolles,Kirsch de Fougerolles,Kirsch de Fougerolles,Autres boissons alcoolisées,Eaux-de-vie de fruits,,,,,http://www.inao.gouv.fr/produit/13093
IG - Indication géographique,AOC - Appellation d'origine contrôlée,Pommeau de Bretagne,Pommeau de Bretagne,Pommeau de Bretagne,Autres boissons alcoolisées,Autres boissons spiritueuses,Ambré,Doux,,,http://www.inao.gouv.fr/produit/13094
IG - Indication géographique,AOC - Appellation d'origine contrôlée,Cognac ou Eau-de-vie de Cognac ou Eau-de-vie des Charentes,Cognac ou Eau-de-vie de Cognac ou Eau-de-vie des Charentes,Cognac ou Eau-de-vie de Cognac ou Eau-de-vie des Charentes,Eaux-de-vie de vin et de marc,Eaux-de-vie de vin,Ambré,,,,http://www.inao.gouv.fr/produit/13098
,AOC - Appellation d'origine contrôlée,Rhum de la Martinique,Rhum de la Martinique,Rhum de la Martinique,Autres boissons alcoolisées,Rhum,Blanc,,,,http://www.inao.gouv.fr/produit/13103
IG - Indication géographique,AOC - Appellation d'origine contrôlée,Pommeau du Maine,Pommeau du Maine,Pommeau du Maine,Autres boissons alcoolisées,Autres boissons spiritueuses,Ambré,Doux,,,http://www.inao.gouv.fr/produit/13104
IG - Indication géographique,AOC - Appellation d'origine contrôlée,Calvados Pays d'Auge,Calvados Pays d'Auge,Calvados Pays d'Auge,Autres boissons alcoolisées,Eaux-de-vie de cidre et de poiré,Ambré,,,,http://www.inao.gouv.fr/produit/13105
IG - Indication géographique,AOC - Appellation d'origine contrôlée,Calvados,Calvados,Calvados,Autres boissons alcoolisées,Eaux-de-vie de cidre et de poiré,Ambré,,,,http://www.inao.gouv.fr/produit/13106
IG - Indication géographique,AOC - Appellation d'origine contrôlée,Pommeau de Normandie,Pommeau de Normandie,Pommeau de Normandie,Autres boissons alcoolisées,Autres boissons spiritueuses,Ambré,Doux,,,http://www.inao.gouv.fr/produit/13113
IG - Indication géographique,AOC - Appellation d'origine contrôlée,Calvados Domfontais,Calvados Domfrontais,Calvados Domfrontais,Autres boissons alcoolisées,Eaux-de-vie de cidre et de poiré,Ambré,,,,http://www.inao.gouv.fr/produit/13114
IG - Indication géographique,AOR - Appellation d'origine réglementée,Fine Faugères ou Eau-de-vie de Faugères,Fine Faugères ou Eau-de-vie de Faugères,Fine Faugères ou Eau-de-vie de Faugères,Eaux-de-vie de vin et de marc,Eaux-de-vie de vin,Blanc,,,,http://www.inao.gouv.fr/produit/13124
AOP - Appellation d'origine protégée,AOC - Appellation d'origine contrôlée,Morbier,Morbier,Morbier,Fromages,Pâte pressée non cuite,,,,,http://www.inao.gouv.fr/produit/13160
AOP - Appellation d'origine protégée,AOC - Appellation d'origine contrôlée,Fourme de Montbrison,Fourme de Montbrison,Fourme de Montbrison,Fromages,Pâte persillée,,,,,http://www.inao.gouv.fr/produit/13161
AOP - Appellation d'origine protégée,AOC - Appellation d'origine contrôlée,Miel de sapin des Vosges,Miel de sapin des Vosges,Miel de sapin des Vosges,Autres produits d'origine animale (oeufs miel produits laitiers sauf beurre etc.),Miel,,,,,http://www.inao.gouv.fr/produit/13162
AOP - Appellation d'origine protégée,AOC - Appellation d'origine contrôlée,Fourme d'Ambert,Fourme d'Ambert,Fourme d'Ambert,Fromages,Pâte persillée,,,,,http://www.inao.gouv.fr/produit/13163
AOP - Appellation d'origine protégée,AOC - Appellation d'origine contrôlée,Banon,Banon,Banon,Fromages,Chèvre,,,,,http://www.inao.gouv.fr/produit/13164
AOP - Appellation d'origine protégée,AOC - Appellation d'origine contrôlée,Dinde de Bresse,Dinde de Bresse,Dinde de Bresse,Viandes (et abats) frais,Volaille,,,,,http://www.inao.gouv.fr/produit/13165
AOP - Appellation d'origine protégée,AOC - Appellation d'origine contrôlée,Volaille de Bresse ou Poulet de Bresse Poularde de Bresse Chapon de Bresse,Volaille de Bresse ou Poulet de Bresse Poularde de Bresse Chapon de Bresse,Volaille de Bresse ou Poulet de Bresse,Viandes (et abats) frais,Volaille,,,,,http://www.inao.gouv.fr/produit/13166
AOP - Appellation d'origine protégée,AOC - Appellation d'origine contrôlée,Pomme de terre de l'Ile de Ré,Pomme de terre de l'Ile de Ré,Pomme de terre de l'Ile de Ré,Fruits légumes et céréales en l'état ou transformés,Tubercule,,,,,http://www.inao.gouv.fr/produit/13167
AOP - Appellation d'origine protégée,AOC - Appellation d'origine contrôlée,Selles-sur-Cher,Selles-sur-Cher,Selles-sur-Cher,Fromages,Chèvre,,,,,http://www.inao.gouv.fr/produit/13168
AOP - Appellation d'origine protégée,AOC - Appellation d'origine contrôlée,Neufchâtel,Neufchâtel,Neufchâtel,Fromages,Pâte molle et croûte fleurie,,,,,http://www.inao.gouv.fr/produit/13169
AOP - Appellation d'origine protégée,AOC - Appellation d'origine contrôlée,Valençay,Valençay,Valençay,Fromages,Chèvre,,,,,http://www.inao.gouv.fr/produit/13170
AOP - Appellation d'origine protégée,AOC - Appellation d'origine contrôlée,Bleu de Gex haut Jura ou Bleu de Septmoncel,Bleu de Gex haut Jura ou Bleu de Septmoncel,Bleu de Gex haut Jura ou Bleu de Septmoncel,Fromages,Pâte persillée,,,,,http://www.inao.gouv.fr/produit/13171
AOP - Appellation d'origine protégée,AOC - Appellation d'origine contrôlée,Prés-salés du Mont-Saint-Michel,Prés-salés du Mont-Saint-Michel,Prés-salés du Mont-Saint-Michel,Viandes (et abats) frais,Ovin,,,,,http://www.inao.gouv.fr/produit/13172
AOP - Appellation d'origine protégée,AOC - Appellation d'origine contrôlée,Châtaigne d'Ardèche,Châtaigne d'Ardèche,Châtaigne d'Ardèche,Fruits légumes et céréales en l'état ou transformés,Fruit à coque,,,,,http://www.inao.gouv.fr/produit/13173
AOP - Appellation d'origine protégée,AOC - Appellation d'origine contrôlée,Beurre de Bresse,Beurre de Bresse,Beurre de Bresse,Huiles et matières grasses (beurre margarine huiles etc.),Beurre,,,,,http://www.inao.gouv.fr/produit/13174
AOP - Appellation d'origine protégée,AOC - Appellation d'origine contrôlée,Crème de Bresse,Crème de Bresse,Crème de Bresse,Huiles et matières grasses (beurre margarine huiles etc.),Crème,,,,,http://www.inao.gouv.fr/produit/13175
,AOC - Appellation d'origine contrôlée,Armagnac,Armagnac,Armagnac,Eaux-de-vie de vin et de marc,Eaux-de-vie de vin,Ambré,,,1B611H,http://www.inao.gouv.fr/produit/13188
AOP - Appellation d'origine protégée,AOC - Appellation d'origine contrôlée,Charolais,Charolais,Charolais,Fromages,Chèvre,,,,,http://www.inao.gouv.fr/produit/13191
AOP - Appellation d'origine protégée,AOC - Appellation d'origine contrôlée,Maroilles ou Marolles,Maroilles ou Marolles,Maroilles ou Marolles,Fromages,Pâte molle et croûte lavée,,,,,http://www.inao.gouv.fr/produit/13200
AOP - Appellation d'origine protégée,AOC - Appellation d'origine contrôlée,Bœuf de Charolles,Bœuf de Charolles,Bœuf de Charolles,Viandes (et abats) frais,Bovin,,,,,http://www.inao.gouv.fr/produit/13201
IGP - Indication géographique protégée,,Rillettes de Tours,Rillettes de Tours,Rillettes de Tours,Produits à base de viande (cuits salés fumés etc.),Charcuterie,,,,,http://www.inao.gouv.fr/produit/13300
AOP - Appellation d'origine protégée,AOC - Appellation d'origine contrôlée,Rocamadour,Rocamadour,Rocamadour,Fromages,Chèvre,,,,,http://www.inao.gouv.fr/produit/13352
,AOC - Appellation d'origine contrôlée,Armagnac-Ténarèze,Armagnac-Ténarèze,Armagnac-Ténarèze,Eaux-de-vie de vin et de marc,Eaux-de-vie de vin,Ambré,,,1B612H,http://www.inao.gouv.fr/produit/13387
,AOC - Appellation d'origine contrôlée,Bas Armagnac,Bas Armagnac,Bas Armagnac,Eaux-de-vie de vin et de marc,Eaux-de-vie de vin,Ambré,,,1B613H,http://www.inao.gouv.fr/produit/13388
,AOC - Appellation d'origine contrôlée,Blanche Armagnac,Blanche Armagnac,Blanche Armagnac,Eaux-de-vie de vin et de marc,Eaux-de-vie de vin,Blanc,,,1B614H,http://www.inao.gouv.fr/produit/13389
,AOC - Appellation d'origine contrôlée,Haut Armagnac,Haut Armagnac,Haut Armagnac,Eaux-de-vie de vin et de marc,Eaux-de-vie de vin,Ambré,,,1B615H,http://www.inao.gouv.fr/produit/13390
IG - Indication géographique,AOC - Appellation d'origine contrôlée,Cognac ou Eau-de-vie de Cognac ou Eau-de-vie des Charentes,Cognac Grande Champagne ou Grande Fine Champagne,Cognac Grande Champagne ou Grande Fine Champagne,Eaux-de-vie de vin et de marc,Eaux-de-vie de vin,Ambré,,,1B607E,http://www.inao.gouv.fr/produit/13394
IG - Indication géographique,AOC - Appellation d'origine contrôlée,Cognac ou Eau-de-vie de Cognac ou Eau-de-vie des Charentes,Cognac Petite Champagne ou Petite Fine Champagne,Cognac Petite Champagne ou Petite Fine Champagne,Eaux-de-vie de vin et de marc,Eaux-de-vie de vin,Ambré,,,1B608E,http://www.inao.gouv.fr/produit/13395
IG - Indication géographique,AOC - Appellation d'origine contrôlée,Cognac ou Eau-de-vie de Cognac ou Eau-de-vie des Charentes,Cognac Fins Bois,Cognac Fins Bois,Eaux-de-vie de vin et de marc,Eaux-de-vie de vin,Ambré,,,1B606E,http://www.inao.gouv.fr/produit/13396
IG - Indication géographique,AOC - Appellation d'origine contrôlée,Cognac ou Eau-de-vie de Cognac ou Eau-de-vie des Charentes,Cognac Fine Champagne,Cognac Fine Champagne,Eaux-de-vie de vin et de marc,Eaux-de-vie de vin,Ambré,,,1B605E,http://www.inao.gouv.fr/produit/13397
IG - Indication géographique,AOC - Appellation d'origine contrôlée,Cognac ou Eau-de-vie de Cognac ou Eau-de-vie des Charentes,Cognac Borderies,Cognac Borderies,Eaux-de-vie de vin et de marc,Eaux-de-vie de vin,Ambré,,,1B604E,http://www.inao.gouv.fr/produit/13398
IG - Indication géographique,AOC - Appellation d'origine contrôlée,Cognac ou Eau-de-vie de Cognac ou Eau-de-vie des Charentes,Cognac Bois ordinaires ou Bois à terroirs,Cognac Bois ordinaires ou Bois à terroirs,Eaux-de-vie de vin et de marc,Eaux-de-vie de vin,Ambré,,,1B602E,http://www.inao.gouv.fr/produit/13399
IG - Indication géographique,AOC - Appellation d'origine contrôlée,Cognac ou Eau-de-vie de Cognac ou Eau-de-vie des Charentes,Cognac Bons Bois,Cognac Bons Bois,Eaux-de-vie de vin et de marc,Eaux-de-vie de vin,Ambré,,,1B603E,http://www.inao.gouv.fr/produit/13400
IGP - Indication géographique protégée,,Agneau de Pauillac,Agneau de Pauillac,Agneau de Pauillac,Viandes (et abats) frais,Ovin,,,,,http://www.inao.gouv.fr/produit/13421
IGP - Indication géographique protégée,,Jambon sec et noix de jambon sec des Ardennes,Jambon sec et noix de jambon sec des Ardennes,Jambon sec des Ardennes et Noix de jambon sec des Ardennes,Produits à base de viande (cuits salés fumés etc.),Salaison,,,,,http://www.inao.gouv.fr/produit/13466
AOP - Appellation d'origine protégée,AOC - Appellation d'origine contrôlée,Chevrotin,Chevrotin,Chevrotin,Fromages,Chèvre,,,,,http://www.inao.gouv.fr/produit/13476
AOP - Appellation d'origine protégée,AOC - Appellation d'origine contrôlée,Pont-l'Évêque,Pont-l'Évêque,Pont-l'Évêque,Fromages,Pâte molle et croûte lavée,,,,,http://www.inao.gouv.fr/produit/13477
AOP - Appellation d'origine protégée,AOC - Appellation d'origine contrôlée,Saint-Nectaire,Saint-Nectaire,Saint-Nectaire,Fromages,Pâte pressée non cuite,,,,,http://www.inao.gouv.fr/produit/13507
AOP - Appellation d'origine protégée,AOC - Appellation d'origine contrôlée,Abondance,Abondance,Abondance,Fromages,Pâte pressée cuite,,,,,http://www.inao.gouv.fr/produit/13522
AOP - Appellation d'origine protégée,AOC - Appellation d'origine contrôlée,Olives noires de Nyons,Olives noires de Nyons,Olives noires de Nyons,Fruits légumes et céréales en l'état ou transformés,Olive,,,,,http://www.inao.gouv.fr/produit/13661
AOP - Appellation d'origine protégée,AOC - Appellation d'origine contrôlée,Ossau-Iraty,Ossau-Iraty,Ossau-Iraty,Fromages,Pâte pressée non cuite,,,,,http://www.inao.gouv.fr/produit/13705
IGP - Indication géographique protégée,,Mogette de Vendée,Mogette de Vendée,Mogette de Vendée,Fruits légumes et céréales en l'état ou transformés,Légume sec,,,,,http://www.inao.gouv.fr/produit/13706
,LR - Label rouge,,,Pintade entière et en découpes fraîche ou surgelée,Viandes (et abats) frais,Volaille,,,,,http://www.inao.gouv.fr/produit/13771
IG - Indication géographique,AOC - Appellation d'origine contrôlée,ESPRIT DE COGNAC,ESPRIT DE COGNAC,ESPRIT DE COGNAC,Eaux-de-vie de vin et de marc,Eaux-de-vie de vin,Blanc,,,,http://www.inao.gouv.fr/produit/3066
AOP - Appellation d'origine protégée,AOC - Appellation d'origine contrôlée,Bleu d'Auvergne,Bleu d'Auvergne,Bleu d'Auvergne,Fromages,Pâte persillée,,,,,http://www.inao.gouv.fr/produit/3264
AOP - Appellation d'origine protégée,AOC - Appellation d'origine contrôlée,Bleu des Causses,Bleu des Causses,Bleu des Causses,Fromages,Pâte persillée,,,,,http://www.inao.gouv.fr/produit/3265
AOP - Appellation d'origine protégée,AOC - Appellation d'origine contrôlée,Brie de Meaux,Brie de Meaux,Brie de Meaux,Fromages,Pâte molle et croûte fleurie,,,,,http://www.inao.gouv.fr/produit/3267
AOP - Appellation d'origine protégée,AOC - Appellation d'origine contrôlée,Brie de Melun,Brie de Melun,Brie de Melun,Fromages,Pâte molle et croûte fleurie,,,,,http://www.inao.gouv.fr/produit/3268
AOP - Appellation d'origine protégée,AOC - Appellation d'origine contrôlée,Brocciu ou Brocciu Corse,Brocciu,Brocciu,Fromages,autres fromages (frais blanc fondu...),,,,,http://www.inao.gouv.fr/produit/3269
AOP - Appellation d'origine protégée,AOC - Appellation d'origine contrôlée,Chabichou du Poitou,Chabichou du Poitou,Chabichou du Poitou,Fromages,Chèvre,,,,,http://www.inao.gouv.fr/produit/3272
AOP - Appellation d'origine protégée,AOC - Appellation d'origine contrôlée,Munster ou Munster Géromé,Munster,Munster,Fromages,Pâte molle et croûte lavée,,,,,http://www.inao.gouv.fr/produit/3283
AOP - Appellation d'origine protégée,AOC - Appellation d'origine contrôlée,Pouligny-Saint-Pierre,Pouligny-Saint-Pierre,Pouligny-Saint-Pierre,Fromages,Chèvre,,,,,http://www.inao.gouv.fr/produit/3288
AOP - Appellation d'origine protégée,AOC - Appellation d'origine contrôlée,Roquefort,Roquefort,Roquefort,Fromages,Pâte persillée,,,,,http://www.inao.gouv.fr/produit/3291
AOP - Appellation d'origine protégée,AOC - Appellation d'origine contrôlée,Sainte-Maure de Touraine,Sainte-Maure de Touraine,Sainte-Maure de Touraine,Fromages,Chèvre,,,,,http://www.inao.gouv.fr/produit/3293
AOP - Appellation d'origine protégée,AOC - Appellation d'origine contrôlée,Salers,Salers,Salers,Fromages,Pâte pressée non cuite,,,,,http://www.inao.gouv.fr/produit/3294
AOP - Appellation d'origine protégée,AOC - Appellation d'origine contrôlée,Beurre Charentes-Poitou,Beurre Charentes-Poitou,Beurre Charentes-Poitou,Huiles et matières grasses (beurre margarine huiles etc.),Beurre,,,,,http://www.inao.gouv.fr/produit/3296
AOP - Appellation d'origine protégée,AOC - Appellation d'origine contrôlée,BEURRE DES CHARENTES,BEURRE DES CHARENTES,BEURRE DES CHARENTES,Huiles et matières grasses (beurre margarine huiles etc.),Beurre,,,,,http://www.inao.gouv.fr/produit/3297
AOP - Appellation d'origine protégée,AOC - Appellation d'origine contrôlée,BEURRE DES DEUX SEVRES,BEURRE DES DEUX SEVRES,BEURRE DES DEUX SEVRES,Huiles et matières grasses (beurre margarine huiles etc.),Beurre,,,,,http://www.inao.gouv.fr/produit/3298
AOP - Appellation d'origine protégée,AOC - Appellation d'origine contrôlée,Beurre d'Isigny,Beurre d'Isigny,BEURRE D'ISIGNY,Huiles et matières grasses (beurre margarine huiles etc.),Beurre,,,,,http://www.inao.gouv.fr/produit/3299
AOP - Appellation d'origine protégée,AOC - Appellation d'origine contrôlée,Crème d'Isigny,Crème d'Isigny,Crème d'Isigny,Huiles et matières grasses (beurre margarine huiles etc.),Crème,,,,,http://www.inao.gouv.fr/produit/3300
AOP - Appellation d'origine protégée,AOC - Appellation d'origine contrôlée,Bleu du Vercors-Sassenage,Bleu du Vercors-Sassenage,Bleu du Vercors-Sassenage,Fromages,Pâte persillée,,,,,http://www.inao.gouv.fr/produit/3301
AOP - Appellation d'origine protégée,AOC - Appellation d'origine contrôlée,Chasselas de Moissac,Chasselas de Moissac,Chasselas de Moissac,Fruits légumes et céréales en l'état ou transformés,Raisin de table,Blanc,,,,http://www.inao.gouv.fr/produit/3305
AOP - Appellation d'origine protégée,AOC - Appellation d'origine contrôlée,Lentille verte du Puy,Lentille verte du Puy,Lentille verte du Puy,Fruits légumes et céréales en l'état ou transformés,Légume sec,,,,,http://www.inao.gouv.fr/produit/3314
AOP - Appellation d'origine protégée,AOC - Appellation d'origine contrôlée,Huile d'olive de la vallée des Baux-de-Provence,Huile d'olive de la vallée des Baux-de-Provence,Huile d'olive de la vallée des Baux-de-Provence,Huiles et matières grasses (beurre margarine huiles etc.),Huile,,,,,http://www.inao.gouv.fr/produit/3318
AOP - Appellation d'origine protégée,AOC - Appellation d'origine contrôlée,Olives cassées de la vallée des Baux-de-Provence,Olives cassées de la vallée des Baux-de-Provence,Olives cassées de la vallée des Baux-de-Provence,Fruits légumes et céréales en l'état ou transformés,Olive,,,,,http://www.inao.gouv.fr/produit/3319
AOP - Appellation d'origine protégée,AOC - Appellation d'origine contrôlée,Olives noires de la vallée des Baux-de-Provence,Olives noires de la vallée des Baux-de-Provence,Olives noires de la vallée des Baux-de-Provence,Fruits légumes et céréales en l'état ou transformés,Olive,,,,,http://www.inao.gouv.fr/produit/3320
AOP - Appellation d'origine protégée,AOC - Appellation d'origine contrôlée,Coco de Paimpol,Coco de paimpol,Coco de Paimpol,Fruits légumes et céréales en l'état ou transformés,Légume sec,,,,,http://www.inao.gouv.fr/produit/3324
AOP - Appellation d'origine protégée,AOC - Appellation d'origine contrôlée,Olive de Nice,Olive de Nice,Pâte d'olive de Nice,Fruits légumes et céréales en l'état ou transformés,Pâte d'olive,,,,,http://www.inao.gouv.fr/produit/3342
IGP - Indication géographique protégée,,Agneau de l'Aveyron,Agneau de l'Aveyron,Agneau de l'Aveyron,Viandes (et abats) frais,Ovin,,,,,http://www.inao.gouv.fr/produit/3390
IGP - Indication géographique protégée,,Agneau du Limousin,Agneau du Limousin,Agneau du Limousin,Viandes (et abats) frais,Ovin,,,,,http://www.inao.gouv.fr/produit/3392
IGP - Indication géographique protégée,,Agneau du Quercy,Agneau du Quercy,Agneau du Quercy,Viandes (et abats) frais,Ovin,,,,,http://www.inao.gouv.fr/produit/3393
IGP - Indication géographique protégée,,Ail rose de Lautrec,Ail rose de Lautrec,Ail rose de Lautrec,Fruits légumes et céréales en l'état ou transformés,Bulbe,,,,,http://www.inao.gouv.fr/produit/3394
IGP - Indication géographique protégée,,Bergamotes de Nancy,Bergamotes de Nancy,Bergamote de Nancy,Produits de boulangerie pâtisserie confiserie ou biscuiterie,Confiserie,,,,,http://www.inao.gouv.fr/produit/3395
IGP - Indication géographique protégée,,Bœuf de Chalosse,Bœuf de Chalosse,Bœuf de Chalosse,Viandes (et abats) frais,Bovin,,,,,http://www.inao.gouv.fr/produit/3396
IGP - Indication géographique protégée,,Bœuf du Maine,Bœuf du Maine,Bœuf du Maine,Viandes (et abats) frais,Bovin,,,,,http://www.inao.gouv.fr/produit/3397
IGP - Indication géographique protégée,,Boudin blanc de Rethel,Boudin blanc de Rethel,Boudin blanc de Rethel,Produits à base de viande (cuits salés fumés etc.),Charcuterie,,,,,http://www.inao.gouv.fr/produit/3398
IGP - Indication géographique protégée,,Cidre de Normandie ou Cidre normand,Cidre de Normandie ou Cidre normand,Cidre de Normandie ou Cidre normand,Autres boissons alcoolisées,Cidre,,,,,http://www.inao.gouv.fr/produit/3400
IGP - Indication géographique protégée,,Coquille Saint-Jacques des Côtes-d’Armor,Coquille Saint-Jacques des Côtes-d’Armor,Coquille Saint-Jacques des Côtes-d’Armor,Poissons mollusques crustacés frais et produits dérivés,Mollusque,,,,,http://www.inao.gouv.fr/produit/3401
IGP - Indication géographique protégée,,Emmental de Savoie,Emmental de Savoie,Emmental de Savoie,Fromages,Pâte pressée cuite,,,,,http://www.inao.gouv.fr/produit/3403
IGP - Indication géographique protégée,,Haricot tarbais,Haricot tarbais,Haricot tarbais,Fruits légumes et céréales en l'état ou transformés,Légume sec,,,,,http://www.inao.gouv.fr/produit/3404
IGP - Indication géographique protégée,,Jambon de Bayonne,Jambon de Bayonne,Jambon de Bayonne,Produits à base de viande (cuits salés fumés etc.),Salaison,,,,,http://www.inao.gouv.fr/produit/3405
IGP - Indication géographique protégée,,Poireaux de Créances,Poireaux de Créances,Poireaux de Créances,Fruits légumes et céréales en l'état ou transformés,Légume-tige,,,,,http://www.inao.gouv.fr/produit/3411
IGP - Indication géographique protégée,,Pommes de terre de Merville,Pommes de terre de Merville,Pommes de terre de Merville,Fruits légumes et céréales en l'état ou transformés,Tubercule,,,,,http://www.inao.gouv.fr/produit/3412
IGP - Indication géographique protégée,,Pommes et poires de Savoie,Pommes et poires de Savoie,Pommes et poires de Savoie,Fruits légumes et céréales en l'état ou transformés,Fruit à pépins,,,,,http://www.inao.gouv.fr/produit/3413
IGP - Indication géographique protégée,,Porc de la Sarthe,Porc de la Sarthe,Porc de la Sarthe,Viandes (et abats) frais,Porc,,,,,http://www.inao.gouv.fr/produit/3414
IGP - Indication géographique protégée,,Porc de Normandie,Porc de Normandie,Porc de Normandie,Viandes (et abats) frais,Porc,,,,,http://www.inao.gouv.fr/produit/3415
IGP - Indication géographique protégée,,Porc de Vendée,Porc de Vendée,Porc de Vendée,Viandes (et abats) frais,Porc,,,,,http://www.inao.gouv.fr/produit/3416
IGP - Indication géographique protégée,,Porc du Limousin,Porc du Limousin,Porc du Limousin,Viandes (et abats) frais,Porc,,,,,http://www.inao.gouv.fr/produit/3417
IGP - Indication géographique protégée,,Pruneau d’Agen,Pruneau d’Agen,Pruneau d’Agen,Fruits légumes et céréales en l'état ou transformés,Fruit sec,,,,,http://www.inao.gouv.fr/produit/3418
IGP - Indication géographique protégée,,Tomme de Savoie,Tomme de Savoie,Tomme de Savoie,Fromages,Pâte pressée non cuite,,,,,http://www.inao.gouv.fr/produit/3420
IGP - Indication géographique protégée,,Tomme des Pyrénées,Tomme des Pyrénées,Tomme des Pyrénées,Fromages,Pâte pressée non cuite,,,,,http://www.inao.gouv.fr/produit/3421
IGP - Indication géographique protégée,,Veau d'Aveyron et du Ségala,Veau d’Aveyron et du Ségala,Veau d’Aveyron et du Ségala,Viandes (et abats) frais,Bovin,,,,,http://www.inao.gouv.fr/produit/3422
IGP - Indication géographique protégée,,Veau du Limousin,Veau du Limousin,Veau du Limousin,Viandes (et abats) frais,Bovin,,,,,http://www.inao.gouv.fr/produit/3423
IGP - Indication géographique protégée,,Volailles d’Alsace,Volailles d’Alsace,Volailles d’Alsace,Viandes (et abats) frais,Volaille,,,,,http://www.inao.gouv.fr/produit/3424
IGP - Indication géographique protégée,,Volailles d’Ancenis,Volailles d’Ancenis,Volailles d’Ancenis,Viandes (et abats) frais,Volaille,,,,,http://www.inao.gouv.fr/produit/3425
IGP - Indication géographique protégée,,Volailles d’Auvergne,Volailles d’Auvergne,Volailles d’Auvergne,Viandes (et abats) frais,Volaille,,,,,http://www.inao.gouv.fr/produit/3426
IGP - Indication géographique protégée,,Volailles de Bretagne,Volailles de Bretagne,Volailles de Bretagne,Viandes (et abats) frais,Volaille,,,,,http://www.inao.gouv.fr/produit/3427
IGP - Indication géographique protégée,,Volailles de Challans,Volailles de Challans,Volailles de Challans,Viandes (et abats) frais,Volaille,,,,,http://www.inao.gouv.fr/produit/3428
IGP - Indication géographique protégée,,Volailles de Cholet,Volailles de Cholet,Volailles de Cholet,Viandes (et abats) frais,Volaille,,,,,http://www.inao.gouv.fr/produit/3429
IGP - Indication géographique protégée,,Volailles de Gascogne,Volailles de Gascogne,Volailles de Gascogne,Viandes (et abats) frais,Volaille,,,,,http://www.inao.gouv.fr/produit/3430
IGP - Indication géographique protégée,,Volailles de Houdan,Volailles de Houdan,Volailles de Houdan,Viandes (et abats) frais,Volaille,,,,,http://www.inao.gouv.fr/produit/3431
IGP - Indication géographique protégée,,Volailles de Janzé,Volailles de Janzé,Volailles de Janzé,Viandes (et abats) frais,Volaille,,,,,http://www.inao.gouv.fr/produit/3432
IGP - Indication géographique protégée,,Volailles de la Champagne,Volailles de la Champagne,Volailles de la Champagne,Viandes (et abats) frais,Volaille,,,,,http://www.inao.gouv.fr/produit/3433
IGP - Indication géographique protégée,,Volailles de la Drôme,Volailles de la Drôme,Volailles de la Drôme,Viandes (et abats) frais,Volaille,,,,,http://www.inao.gouv.fr/produit/3434
IGP - Indication géographique protégée,,Volailles de Licques,Volailles de Licques,Volailles de Licques,Viandes (et abats) frais,Volaille,,,,,http://www.inao.gouv.fr/produit/3435
IGP - Indication géographique protégée,,Volailles de l’Orléanais,Volailles de l’Orléanais,Volailles de l’Orléanais,Viandes (et abats) frais,Volaille,,,,,http://www.inao.gouv.fr/produit/3436
IGP - Indication géographique protégée,,Volailles de Vendée,Volailles de Vendée,Volailles de Vendée,Viandes (et abats) frais,Volaille,,,,,http://www.inao.gouv.fr/produit/3438
IGP - Indication géographique protégée,,Volailles des Landes,Volailles des Landes,Volailles des Landes,Viandes (et abats) frais,Volaille,,,,,http://www.inao.gouv.fr/produit/3439
IGP - Indication géographique protégée,,Volailles du Béarn,Volailles du Béarn,Volailles du Béarn,Viandes (et abats) frais,Volaille,,,,,http://www.inao.gouv.fr/produit/3440
IGP - Indication géographique protégée,,Volailles du Berry,Volailles du Berry,Volailles du Berry,Viandes (et abats) frais,Volaille,,,,,http://www.inao.gouv.fr/produit/3441
IGP - Indication géographique protégée,,Volailles du Languedoc,Volailles du Languedoc,Volailles du Languedoc,Viandes (et abats) frais,Volaille,,,,,http://www.inao.gouv.fr/produit/3442
IGP - Indication géographique protégée,,Volailles du Gâtinais,Volailles du Gâtinais,Volailles du Gâtinais,Viandes (et abats) frais,Volaille,,,,,http://www.inao.gouv.fr/produit/3443
IGP - Indication géographique protégée,,Volailles du Lauragais,Volailles du Lauragais,Volailles du Lauragais,Viandes (et abats) frais,Volaille,,,,,http://www.inao.gouv.fr/produit/3444
IGP - Indication géographique protégée,,Volailles du Maine,Volailles du Maine,Volailles du Maine,Viandes (et abats) frais,Volaille,,,,,http://www.inao.gouv.fr/produit/3445
IGP - Indication géographique protégée,,Volailles du plateau de Langres,Volailles du plateau de Langres,Volailles du plateau de Langres,Viandes (et abats) frais,Volaille,,,,,http://www.inao.gouv.fr/produit/3446
IGP - Indication géographique protégée,,Volailles du Val de Sèvres,Volailles du Val de Sèvres,Volailles du Val de Sèvres,Viandes (et abats) frais,Volaille,,,,,http://www.inao.gouv.fr/produit/3447
IGP - Indication géographique protégée,,Volailles du Velay,Volailles du Velay,Volailles du Velay,Viandes (et abats) frais,Volaille,,,,,http://www.inao.gouv.fr/produit/3448
IGP - Indication géographique protégée,,Crème fraîche fluide d'Alsace,Crème fraîche fluide d'Alsace,Crème fraîche fluide d'Alsace,Huiles et matières grasses (beurre margarine huiles etc.),Crème,,,,,http://www.inao.gouv.fr/produit/3449
IGP - Indication géographique protégée,,Volailles de Normandie,Volailles de Normandie,Volailles de Normandie,Viandes (et abats) frais,Volaille,,,,,http://www.inao.gouv.fr/produit/3453
IGP - Indication géographique protégée,,Volailles du Charolais,Volailles du Charolais,Volailles du Charolais,Viandes (et abats) frais,Volaille,,,,,http://www.inao.gouv.fr/produit/3454
IGP - Indication géographique protégée,,Volailles du Forez,Volailles du Forez,Volailles du Forez,Viandes (et abats) frais,Volaille,,,,,http://www.inao.gouv.fr/produit/3455
IGP - Indication géographique protégée,,Volailles de Bourgogne,Volailles de Bourgogne,Volailles de Bourgogne,Viandes (et abats) frais,Volaille,,,,,http://www.inao.gouv.fr/produit/3456
IGP - Indication géographique protégée,,Volailles de l'Ain,Volailles de l'Ain,Volailles de l’Ain,Viandes (et abats) frais,Volaille,,,,,http://www.inao.gouv.fr/produit/3457
IGP - Indication géographique protégée,,Cidre de Bretagne ou Cidre breton,Cidre de Bretagne,Cidre de Bretagne ou Cidre breton,Autres boissons alcoolisées,Cidre,,,,,http://www.inao.gouv.fr/produit/3458
IGP - Indication géographique protégée,,Agneau du Bourbonnais,Agneau du Bourbonnais,Agneau du Bourbonnais,Viandes (et abats) frais,Ovin,,,,,http://www.inao.gouv.fr/produit/3460
IGP - Indication géographique protégée,,Bœuf Charolais du Bourbonnais,Bœuf Charolais du Bourbonnais,Bœuf Charolais du Bourbonnais,Viandes (et abats) frais,Bovin,,,,,http://www.inao.gouv.fr/produit/3461
IGP - Indication géographique protégée,,Volailles du Gers,Volailles du Gers,Volailles du Gers,Viandes (et abats) frais,Volaille,,,,,http://www.inao.gouv.fr/produit/3462
IGP - Indication géographique protégée,,Fraise du Périgord,Fraise du Périgord,Fraise du Périgord,Fruits légumes et céréales en l'état ou transformés,Fruit rouge,,,,,http://www.inao.gouv.fr/produit/3463
IGP - Indication géographique protégée,,Agneau du Poitou-Charentes,Agneau du Poitou-Charentes,Agneau du Poitou-Charentes,Viandes (et abats) frais,Ovin,,,,,http://www.inao.gouv.fr/produit/3472
IGP - Indication géographique protégée,,Anchois de Collioure,Anchois de Collioure,Anchois de Collioure,Poissons mollusques crustacés frais et produits dérivés,Poisson,,,,,http://www.inao.gouv.fr/produit/3477
IGP - Indication géographique protégée,,Brioche vendéenne,Brioche vendéenne,Brioche vendéenne,Produits de boulangerie pâtisserie confiserie ou biscuiterie,Viennoiserie,,,,,http://www.inao.gouv.fr/produit/3478
AOP - Appellation d'origine protégée,AOC - Appellation d'origine contrôlée,Maine-Anjou,Maine-Anjou,Maine-Anjou,Viandes (et abats) frais,Bovin,,,,,http://www.inao.gouv.fr/produit/3479
IGP - Indication géographique protégée,,Miel d'Alsace,Miel d'Alsace,Miel d'Alsace,Autres produits d'origine animale (oeufs miel produits laitiers sauf beurre etc.),Miel,,,,,http://www.inao.gouv.fr/produit/3490
IGP - Indication géographique protégée,,Miel de Provence,Miel de Provence,Miel de Provence,Autres produits d'origine animale (oeufs miel produits laitiers sauf beurre etc.),Miel,,,,,http://www.inao.gouv.fr/produit/3512
IGP - Indication géographique protégée,,Asperges des sables des Landes,Asperges des sables des Landes,Asperges des sables des Landes,Fruits légumes et céréales en l'état ou transformés,Légume-tige,,,,,http://www.inao.gouv.fr/produit/3513
IGP - Indication géographique protégée,,Pâtes d'Alsace,Pâtes d'Alsace,Pâtes d'Alsace,Pâtes alimentaires,Pâtes sèches,,,,,http://www.inao.gouv.fr/produit/3514
IGP - Indication géographique protégée,,Agneau de Sisteron,Agneau de Sisteron,Agneau de Sisteron,Viandes (et abats) frais,Ovin,,,,,http://www.inao.gouv.fr/produit/3530
IGP - Indication géographique protégée,,Clémentine de Corse,Clémentine de Corse,Clémentine de Corse,Fruits légumes et céréales en l'état ou transformés,Agrume,,,,,http://www.inao.gouv.fr/produit/3531
,AOC - Appellation d'origine contrôlée,Huile d'olive de Provence,Huile d'olive de Provence,Huile d'olive de Provence,Huiles et matières grasses (beurre margarine huiles etc.),Huile,,,,,http://www.inao.gouv.fr/produit/3532
AOP - Appellation d'origine protégée,AOC - Appellation d'origine contrôlée,Jambon sec de Corse ou Jambon sec de Corse - Prisuttu,Jambon sec de Corse ou Jambon sec de Corse - Prisuttu,Jambon sec de Corse ou Jambon sec de Corse - Prisuttu,Produits à base de viande (cuits salés fumés etc.),Salaison,,,,,http://www.inao.gouv.fr/produit/3669
IGP - Indication géographique protégée,,Melon de Guadeloupe,Melon de Guadeloupe,Melon de Guadeloupe,Fruits légumes et céréales en l'état ou transformés,Légume-fruit,,,,,http://www.inao.gouv.fr/produit/3681
IGP - Indication géographique protégée,,Agneau du Périgord,Agneau du Périgord,Agneau du Périgord,Viandes (et abats) frais,Ovin,,,,,http://www.inao.gouv.fr/produit/4132
IGP - Indication géographique protégée,,Ail de la Drôme,Ail de la Drôme,Ail de la Drôme,Fruits légumes et céréales en l'état ou transformés,Bulbe,,,,,http://www.inao.gouv.fr/produit/4133
IGP - Indication géographique protégée,,Agneau de Lozère,Agneau de Lozère,Agneau de Lozère,Viandes (et abats) frais,Ovin,,,,,http://www.inao.gouv.fr/produit/4134
IGP - Indication géographique protégée,,Porc d'Auvergne,Porc d'Auvergne,Porc d'Auvergne,Viandes (et abats) frais,Porc,,,,,http://www.inao.gouv.fr/produit/4137
IGP - Indication géographique protégée,,Œufs de Loué,Œufs de Loué,Œufs de Loué,Autres produits d'origine animale (oeufs miel produits laitiers sauf beurre etc.),Oeuf,,,,,http://www.inao.gouv.fr/produit/4140
IGP - Indication géographique protégée,,Agneau de lait des Pyrénées,Agneau de lait des Pyrénées,Agneau de lait des Pyrénées,Viandes (et abats) frais,Ovin,,,,,http://www.inao.gouv.fr/produit/4142
IGP - Indication géographique protégée,,Bœuf de Vendée,Bœuf de Vendée,Bœuf de Vendée,Viandes (et abats) frais,Bovin,,,,,http://www.inao.gouv.fr/produit/4143
IGP - Indication géographique protégée,,Génisse Fleur d'Aubrac,Génisse Fleur d'Aubrac,Génisse Fleur d'Aubrac,Viandes (et abats) frais,Bovin,,,,,http://www.inao.gouv.fr/produit/4147
IGP - Indication géographique protégée,,Bœuf de Bazas,Bœuf de Bazas,Bœuf de Bazas,Viandes (et abats) frais,Bovin,,,,,http://www.inao.gouv.fr/produit/4148
IGP - Indication géographique protégée,,Ail blanc de Lomagne,Ail blanc de Lomagne,Ail blanc de Lomagne,Fruits légumes et céréales en l'état ou transformés,Bulbe,,,,,http://www.inao.gouv.fr/produit/4153
IGP - Indication géographique protégée,,Farine de blé noir de Bretagne - Gwinizh du Breizh,Farine de blé noir de Bretagne - Gwinizh du Breizh,Farine de blé noir de Bretagne - Gwinizh du Breizh,Fruits légumes et céréales en l'état ou transformés,Farine,,,,,http://www.inao.gouv.fr/produit/4154
IGP - Indication géographique protégée,,Petit épeautre de haute Provence,Petit épeautre de haute Provence,Petit épeautre de haute Provence,Fruits légumes et céréales en l'état ou transformés,Céréale,,,,,http://www.inao.gouv.fr/produit/4155
IGP - Indication géographique protégée,,Farine de petit épeautre de haute Provence,Farine de petit épeautre de haute Provence,Farine de petit épeautre de haute Provence,Fruits légumes et céréales en l'état ou transformés,Farine,,,,,http://www.inao.gouv.fr/produit/4156
IGP - Indication géographique protégée,,Huîtres Marennes Oléron,Huîtres Marennes Oléron,Huîtres Marennes Oléron,Poissons mollusques crustacés frais et produits dérivés,Mollusque,,,,,http://www.inao.gouv.fr/produit/4157
IGP - Indication géographique protégée,,Moutarde de Bourgogne,Moutarde de Bourgogne,Moutarde de Bourgogne,Pâte de moutarde,Moutarde,,,,,http://www.inao.gouv.fr/produit/4160
IGP - Indication géographique protégée,,Saucisse de Morteau ou Jésus de Morteau,Saucisse de Morteau ou Jésus de Morteau,Saucisse de Morteau ou Jésus de Morteau,Produits à base de viande (cuits salés fumés etc.),Charcuterie,,,,,http://www.inao.gouv.fr/produit/4161
IGP - Indication géographique protégée,,Oie d'Anjou,Oie d'Anjou,Oie d'Anjou,Viandes (et abats) frais,Volaille,,,,,http://www.inao.gouv.fr/produit/4165
IGP - Indication géographique protégée,,Pommes des Alpes de Haute Durance,Pommes des Alpes de Haute Durance,Pommes des Alpes de Haute Durance,Fruits légumes et céréales en l'état ou transformés,Fruit à pépins,,,,,http://www.inao.gouv.fr/produit/4173
IGP - Indication géographique protégée,,Poulet des Cévennes ou Chapon des Cévennes,Poulet des Cévennes ou Chapon des Cévennes,Poulet des Cévennes ou Chapon des Cévennes,Viandes (et abats) frais,Volaille,,,,,http://www.inao.gouv.fr/produit/4174
IGP - Indication géographique protégée,,Raviole du Dauphiné,Raviole du Dauphiné,Raviole du Dauphiné,Pâtes alimentaires,Pâtes fraîches,,,,,http://www.inao.gouv.fr/produit/4181
IGP - Indication géographique protégée,,Pintadeau de la Drôme,Pintadeau de la Drôme,Pintadeau de la Drôme,Viandes (et abats) frais,Volaille,,,,,http://www.inao.gouv.fr/produit/4182
IGP - Indication géographique protégée,,Porc de Franche-Comté,Porc de Franche-Comté,Porc de Franche-Comté,Viandes (et abats) frais,Porc,,,,,http://www.inao.gouv.fr/produit/4185
,AOC - Appellation d'origine contrôlée,Ail violet de Cadours,Ail violet de Cadours,Ail violet de Cadours,Fruits légumes et céréales en l'état ou transformés,Bulbe,,,,,http://www.inao.gouv.fr/produit/4186
,AOC - Appellation d'origine contrôlée,Porc noir de Bigorre,Porc noir de Bigorre,Porc noir de Bigorre,Viandes (et abats) frais,Porc,,,,,http://www.inao.gouv.fr/produit/4195
AOP - Appellation d'origine protégée,AOC - Appellation d'origine contrôlée,Rigotte de Condrieu,Rigotte de Condrieu,Rigotte de Condrieu,Fromages,Chèvre,,,,,http://www.inao.gouv.fr/produit/4197
AOP - Appellation d'origine protégée,AOC - Appellation d'origine contrôlée,Reblochon ou Reblochon de Savoie,Reblochon ou Reblochon de Savoie,Reblochon ou Reblochon de Savoie,Fromages,Pâte pressée non cuite,,,,,http://www.inao.gouv.fr/produit/4201
AOP - Appellation d'origine protégée,AOC - Appellation d'origine contrôlée,Langres,Langres,Langres,Fromages,Pâte molle et croûte lavée,,,,,http://www.inao.gouv.fr/produit/4202
AOP - Appellation d'origine protégée,AOC - Appellation d'origine contrôlée,Camembert de Normandie,Camembert de Normandie,Camembert de Normandie,Fromages,Pâte molle et croûte fleurie,,,,,http://www.inao.gouv.fr/produit/4204
AOP - Appellation d'origine protégée,AOC - Appellation d'origine contrôlée,Volaille de Bresse ou Poulet de Bresse Poularde de Bresse Chapon de Bresse,Volaille de Bresse ou Poulet de Bresse Poularde de Bresse Chapon de Bresse,Poularde de Bresse,Viandes (et abats) frais,Volaille,,,,,http://www.inao.gouv.fr/produit/4206
AOP - Appellation d'origine protégée,AOC - Appellation d'origine contrôlée,Volaille de Bresse ou Poulet de Bresse Poularde de Bresse Chapon de Bresse,Volaille de Bresse ou Poulet de Bresse Poularde de Bresse Chapon de Bresse,Chapon de Bresse,Viandes (et abats) frais,Volaille,,,,,http://www.inao.gouv.fr/produit/4207
IGP - Indication géographique protégée,,Saint-Marcellin,Saint-Marcellin,Saint-Marcellin,Fromages,Pâte molle et croûte fleurie,,,,,http://www.inao.gouv.fr/produit/4213
AOP - Appellation d'origine protégée,AOC - Appellation d'origine contrôlée,Picodon,Picodon,Picodon,Fromages,Chèvre,,,,,http://www.inao.gouv.fr/produit/4229
AOP - Appellation d'origine protégée,AOC - Appellation d'origine contrôlée,Chaource,Chaource,Chaource,Fromages,Pâte molle et croûte fleurie,,,,,http://www.inao.gouv.fr/produit/4232
IGP - Indication géographique protégée,,Melon du Quercy,Melon du Quercy,Melon du Quercy,Fruits légumes et céréales en l'état ou transformés,Légume-fruit,,,,,http://www.inao.gouv.fr/produit/4233
AOP - Appellation d'origine protégée,AOC - Appellation d'origine contrôlée,Barèges-Gavarnie,Barèges-Gavarnie,Barèges-Gavarnie,Viandes (et abats) frais,Ovin,,,,,http://www.inao.gouv.fr/produit/4266
AOP - Appellation d'origine protégée,AOC - Appellation d'origine contrôlée,Lonzo de Corse ou Lonzo de Corse - Lonzu,Lonzo de Corse ou Lonzo de Corse - Lonzu,Lonzo de Corse ou Lonzo de Corse - Lonzu,Produits à base de viande (cuits salés fumés etc.),Salaison,,,,,http://www.inao.gouv.fr/produit/4268
AOP - Appellation d'origine protégée,AOC - Appellation d'origine contrôlée,Coppa de Corse ou Coppa de Corse - Coppa di Corsica,Coppa de Corse ou Coppa de Corse - Coppa di Corsica,Coppa de Corse ou Coppa de Corse - Coppa di Corsica,Produits à base de viande (cuits salés fumés etc.),Salaison,,,,,http://www.inao.gouv.fr/produit/4270
,AOC - Appellation d'origine contrôlée,Mirabelle de Lorraine,Mirabelle de Lorraine,Mirabelle de Lorraine,Autres boissons alcoolisées,Eaux-de-vie de fruits,,,,,http://www.inao.gouv.fr/produit/4289
,AOC - Appellation d'origine contrôlée,Abricots rouges du Roussillon,Abricots rouges du Roussillon,Abricots rouges du Roussillon,Fruits légumes et céréales en l'état ou transformés,Fruit à noyau,,,,,http://www.inao.gouv.fr/produit/4326
IGP - Indication géographique protégée,,Ail fumé d'Arleux,Ail fumé d'Arleux,Ail fumé d'Arleux,Fruits légumes et céréales en l'état ou transformés,Bulbe,,,,,http://www.inao.gouv.fr/produit/4366
IGP - Indication géographique protégée,,Artichaut du Roussillon,Artichaut du Roussillon,Artichaut du Roussillon,Fruits légumes et céréales en l'état ou transformés,Légume-fleur,,,,,http://www.inao.gouv.fr/produit/4381
IGP - Indication géographique protégée,,Saucisse de Montbéliard,Saucisse de Montbéliard,Saucisse de Montbéliard,Produits à base de viande (cuits salés fumés etc.),Charcuterie,,,,,http://www.inao.gouv.fr/produit/4386
IGP - Indication géographique protégée,,Emmental français Est-Central,Emmental français Est-Central,Emmental français Est-Central,Fromages,Pâte pressée cuite,,,,,http://www.inao.gouv.fr/produit/4465
IGP - Indication géographique protégée,,Mirabelles de Lorraine,Mirabelles de Lorraine,Mirabelles de Lorraine,Fruits légumes et céréales en l'état ou transformés,Fruit à noyau,,,,,http://www.inao.gouv.fr/produit/4486
AOP - Appellation d'origine protégée,AOC - Appellation d'origine contrôlée,Beaufort,Beaufort,Beaufort,Fromages,Pâte pressée cuite,,,,,http://www.inao.gouv.fr/produit/4489
AOP - Appellation d'origine protégée,AOC - Appellation d'origine contrôlée,Comté,Comté,Comté,Fromages,Pâte pressée cuite,,,,,http://www.inao.gouv.fr/produit/4496
IGP - Indication géographique protégée,,Gruyère,Gruyère,Gruyère,Fromages,Pâte pressée cuite,,,,,http://www.inao.gouv.fr/produit/4500
AOP - Appellation d'origine protégée,AOC - Appellation d'origine contrôlée,Huile d'olive d'Aix-en-Provence,Huile d'olive d'Aix-en-Provence,Huile d'olive d'Aix-en-Provence,Huiles et matières grasses (beurre margarine huiles etc.),Huile,,,,,http://www.inao.gouv.fr/produit/4509
AOP - Appellation d'origine protégée,AOC - Appellation d'origine contrôlée,Huile d'olive de Haute-Provence,Huile d'olive de Haute-Provence,Huile d'olive de Haute-Provence,Huiles et matières grasses (beurre margarine huiles etc.),Huile,,,,,http://www.inao.gouv.fr/produit/4510
AOP - Appellation d'origine protégée,AOC - Appellation d'origine contrôlée,Huile d'olive de Nice,Huile d'olive de Nice,Huile d'olive de Nice,Huiles et matières grasses (beurre margarine huiles etc.),Huile,,,,,http://www.inao.gouv.fr/produit/4512
IGP - Indication géographique protégée,,Miel des Cévennes,Miel des Cévennes,Miel des Cévennes,Autres produits d'origine animale (oeufs miel produits laitiers sauf beurre etc.),Miel,,,,,http://www.inao.gouv.fr/produit/4530
AOP - Appellation d'origine protégée,AOC - Appellation d'origine contrôlée,Olive de Nîmes,Olive de Nîmes,Olive de Nîmes,Fruits légumes et céréales en l'état ou transformés,Olive,Verte,,,,http://www.inao.gouv.fr/produit/4531
AOP - Appellation d'origine protégée,AOC - Appellation d'origine contrôlée,Pélardon,Pélardon,Pélardon,Fromages,Chèvre,,,,,http://www.inao.gouv.fr/produit/4532
IGP - Indication géographique protégée,,Riz de Camargue,Riz de Camargue,Riz de Camargue,Fruits légumes et céréales en l'état ou transformés,Céréale,,,,,http://www.inao.gouv.fr/produit/4535
AOP - Appellation d'origine protégée,AOC - Appellation d'origine contrôlée,Taureau de Camargue,Taureau de Camargue,Taureau de Camargue,Viandes (et abats) frais,Bovin,,,,,http://www.inao.gouv.fr/produit/4537
AOP - Appellation d'origine protégée,AOC - Appellation d'origine contrôlée,Cantal ou Fourme de Cantal,Cantal,Cantal,Fromages,Pâte pressée non cuite,,,,,http://www.inao.gouv.fr/produit/4564
AOP - Appellation d'origine protégée,AOC - Appellation d'origine contrôlée,Laguiole,Laguiole,Laguiole,Fromages,Pâte pressée non cuite,,,,,http://www.inao.gouv.fr/produit/4565
AOP - Appellation d'origine protégée,AOC - Appellation d'origine contrôlée,Chavignol ou Crottin de Chavignol,Chavignol,Chavignol,Fromages,Chèvre,,,,,http://www.inao.gouv.fr/produit/4573
IGP - Indication géographique protégée,,Volailles de Loué,Volailles de Loué,Volailles de Loué,Viandes (et abats) frais,Volaille,,,,,http://www.inao.gouv.fr/produit/4575
IGP - Indication géographique protégée,,Lentilles vertes du Berry,Lentilles vertes du Berry,Lentilles vertes du Berry,Fruits légumes et céréales en l'état ou transformés,Légume sec,,,,,http://www.inao.gouv.fr/produit/4579
AOP - Appellation d'origine protégée,AOC - Appellation d'origine contrôlée,Livarot,Livarot,Livarot,Fromages,Pâte molle et croûte lavée,,,,,http://www.inao.gouv.fr/produit/4593
AOP - Appellation d'origine protégée,AOC - Appellation d'origine contrôlée,Miel de Corse - Mele di Corsica,Miel de Corse - Mele di Corsica,Miel de Corse - Mele di Corsica,Autres produits d'origine animale (oeufs miel produits laitiers sauf beurre etc.),Miel,,,,,http://www.inao.gouv.fr/produit/4668
AOP - Appellation d'origine protégée,AOC - Appellation d'origine contrôlée,Cornouaille,Cornouaille,Cornouaille,Autres boissons alcoolisées,Cidre,,,,,http://www.inao.gouv.fr/produit/6163
AOP - Appellation d'origine protégée,AOC - Appellation d'origine contrôlée,Noix du Périgord,Noix du Périgord,Noix du Périgord,Fruits légumes et céréales en l'état ou transformés,Fruit à coque,,,,,http://www.inao.gouv.fr/produit/6431
AOP - Appellation d'origine protégée,AOC - Appellation d'origine contrôlée,Béa du Roussillon,Béa du Roussillon,Béa du Roussillon,Fruits légumes et céréales en l'état ou transformés,Tubercule,,,,,http://www.inao.gouv.fr/produit/7099
AOP - Appellation d'origine protégée,AOC - Appellation d'origine contrôlée,Farine de châtaigne corse - Farina castagnina corsa,Farine de châtaigne corse - Farina castagnina corsa,Farine de châtaigne corse - Farina castagnina corsa,Fruits légumes et céréales en l'état ou transformés,Fruit à coque,,,,,http://www.inao.gouv.fr/produit/7109
AOP - Appellation d'origine protégée,AOC - Appellation d'origine contrôlée,Mâconnais,Mâconnais,Mâconnais,Fromages,Chèvre,,,,,http://www.inao.gouv.fr/produit/7110
AOP - Appellation d'origine protégée,AOC - Appellation d'origine contrôlée,Huile d'olive de Nîmes,Huile d'olive de Nîmes,Huile d'olive de Nïmes,Huiles et matières grasses (beurre margarine huiles etc.),Huile,,,,,http://www.inao.gouv.fr/produit/7111
AOP - Appellation d'origine protégée,AOC - Appellation d'origine contrôlée,Epoisses,Epoisses,Epoisses,Fromages,Pâte molle et croûte lavée,,,,,http://www.inao.gouv.fr/produit/7148
AOP - Appellation d'origine protégée,AOC - Appellation d'origine contrôlée,Figue de Solliès,Figue de Solliès,Figue de Solliès,Fruits légumes et céréales en l'état ou transformés,Fruit exotique,,,,,http://www.inao.gouv.fr/produit/7149
IGP - Indication géographique protégée,,Mâche nantaise,Mâche nantaise,Mâche nantaise,Fruits légumes et céréales en l'état ou transformés,Salade,,,,,http://www.inao.gouv.fr/produit/7727
IGP - Indication géographique protégée,,Melon du Haut Poitou,Melon du Haut Poitou,Melon du Haut Poitou,Fruits légumes et céréales en l'état ou transformés,Légume-fruit,,,,,http://www.inao.gouv.fr/produit/7795
AOP - Appellation d'origine protégée,AOC - Appellation d'origine contrôlée,Tome des Bauges,Tome des Bauges,Tome des Bauges,Fromages,Pâte pressée non cuite,,,,,http://www.inao.gouv.fr/produit/7886
AOP - Appellation d'origine protégée,AOC - Appellation d'origine contrôlée,Moules de bouchot de la baie du Mont-Saint-Michel,Moules de bouchot de la baie du Mont-Saint-Michel,Moules de bouchot de la baie du Mont-Saint-Michel,Poissons mollusques crustacés frais et produits dérivés,Mollusque,,,,,http://www.inao.gouv.fr/produit/7896
AOP - Appellation d'origine protégée,AOC - Appellation d'origine contrôlée,Prés-salés de la baie de Somme,Prés-salés de la baie de Somme,Prés-salés de la baie de Somme,Viandes (et abats) frais,Ovin,,,,,http://www.inao.gouv.fr/produit/7925
AOP - Appellation d'origine protégée,AOC - Appellation d'origine contrôlée,Fin Gras du Mézenc ou Fin Gras,Fin Gras du Mézenc,Fin Gras du Mézenc,Viandes (et abats) frais,Bovin,,,,,http://www.inao.gouv.fr/produit/7926
AOP - Appellation d'origine protégée,AOC - Appellation d'origine contrôlée,Huile d'olive de Nyons,Huile d'olive de Nyons,Huile d'olive de Nyons,Huiles et matières grasses (beurre margarine huiles etc.),Huile,,,,,http://www.inao.gouv.fr/produit/7934
AOP - Appellation d'origine protégée,AOC - Appellation d'origine contrôlée,Oignon de Roscoff,Oignon de Roscoff,Oignon de Roscoff,Fruits légumes et céréales en l'état ou transformés,Bulbe,,,,,http://www.inao.gouv.fr/produit/7935
AOP - Appellation d'origine protégée,AOC - Appellation d'origine contrôlée,Olive de Nice,Olive de Nice,Olive de Nice,Fruits légumes et céréales en l'état ou transformés,Olive,,,,,http://www.inao.gouv.fr/produit/9067
